CHROM,POS,REF,ALT,AF_ESP,AF_EXAC,AF_TGP
1,1168180,G,C,0.0771,0.1002,0.1066
1,1470752,G,A,0,0,0
1,1737942,A,G,0,0.00001,0
1,2160305,G,A,0,0,0
1,2160305,G,T,0,0,0
1,2160554,G,C,0,0,0
1,3328358,T,C,0,0,0
1,3328659,C,T,0.1523,0.13103,0.106
1,3347452,G,A,0,0.00357,0.003
1,5925304,G,A,0.0045,0.00231,0.0058
1,5926503,G,A,0.0019,0.00267,0.001
1,5927943,G,A,0.0048,0.00359,0.0014
1,5935096,C,T,0.0032,0.00233,0.0012
1,5935102,C,T,0.0112,0.00324,0.0118
1,5940243,G,A,0.0159,0.01531,0.0076
1,5950939,C,T,0.0034,0.00139,0.003
1,5950972,C,T,0.0001,0.00002,0
1,5951013,C,T,0.0242,0.03105,0.0094
1,5951029,G,A,0.0006,0.0004,0.0004
1,5965455,C,T,0.0112,0.01026,0.0052
1,5965824,G,C,0.0263,0.01149,0.0254
1,5965833,G,A,0.0029,0.00106,0.0026
1,6007259,G,A,0.0007,0.00139,0.002
1,6038338,A,G,0.0013,0.00137,0
1,6046264,G,A,0.0425,0.03231,0.0383
1,8418302,G,T,0,0,0
1,9787030,G,A,0,0,0
1,10042688,G,A,0.0011,0.00061,0.0002
1,10678439,G,T,0.0029,0.00089,0.0026
1,10689869,G,A,0.0105,0,0.0082
2,1460004,G,T,0.3813,0.37914,0.3654
2,1481155,G,T,0.4069,0.45782,0.4082
2,1481231,G,C,0,0,0
2,1499927,A,C,0.4703,0.42798,0.4984
2,1520676,T,C,0,0,0
2,10186419,A,G,0.0948,0.09261,0.0579
2,10188123,C,T,0.0157,0.00421,0.0124
2,11943082,C,T,0.0394,0.04548,0.028
2,15378794,C,T,0,0.00004,0
2,20131079,T,C,0.3208,0.33223,0.2324
2,20133221,C,T,0.0645,0.05447,0.0419
2,20205541,C,T,0.0211,0.03091,0.0144
2,26418053,C,G,0.0004,0.0012,0.0002
2,26432662,G,T,0.0228,0.00755,0.0284
2,26502880,A,G,0.0067,0.00277,0.0086
2,26683071,C,T,0,0.00007,0.0002
2,26687761,G,A,0.1583,0.05506,0.1597
2,26693518,G,C,0.0005,0.00061,0.0006
2,26700099,G,A,0.0186,0.01597,0.0062
2,26700309,C,T,0.0017,0.00178,0.0024
2,26703734,C,T,0.0082,0.01317,0.0124
2,26741961,G,A,0.3679,0.43498,0.27
2,26750769,G,A,0.0036,0.05373,0.1002
2,27535443,G,A,0,0.00004,0
2,27535899,G,A,0,0.00003,0
2,28999810,C,G,0,0,0
2,29287863,C,T,0.0042,0.01549,0.0094
2,29294754,G,C,0.1751,0.17045,0.125
2,29295065,C,T,0.0057,0.00445,0.0024
2,29295389,G,A,0.1529,0.10399,0.2272
3,4458816,G,A,0.0002,0.00007,0.0002
3,4491006,A,G,0.0001,0.00004,0
3,4508742,C,T,0.1944,0.28506,0.1166
3,8775642,G,A,0,0,0
3,8787233,G,A,0,0,0
3,8787263,G,A,0.0373,0.01073,0.0409
3,8787313,C,G,0.0014,0.00113,0.001
3,8787330,C,T,0.0043,0.00304,0.002
3,8787357,T,C,0.0001,0.00001,0
3,8787374,G,A,0,0.00014,0
3,9979308,G,A,0.0011,0.00058,0.0016
3,10074646,G,C,0.0071,0.00304,0.0098
3,10080987,A,G,0.0238,0.0059,0.0196
3,10081411,A,G,0.0008,0.00634,0.0134
3,10084828,G,A,0.0002,0.00395,0.006
3,10089658,C,G,0.0036,0.00092,0.0032
3,10089689,T,G,0.0352,0.00874,0.0314
3,10105516,A,C,0,0,0
3,10106532,C,T,0,0.15449,0
3,10115033,G,T,0.0257,0.02205,0.0082
3,10183605,C,T,0.0029,0.00517,0.0004
3,10183685,G,A,0.0002,0.00021,0.0004
3,10183719,T,C,0,0,0
3,10183722,G,C,0,0,0
3,10183739,G,A,0,0.00002,0
3,10183764,A,G,0,0,0
3,10183772,C,T,0.0004,0.00021,0
3,10183776,G,C,0,0,0
3,10183781,G,C,0,0,0
3,10183787,C,G,0,0,0
4,980971,T,G,0,0,0
4,981684,C,G,0.0053,0.00365,0.0012
4,994414,G,A,0.1422,0.16418,0.1687
4,996063,G,C,0.0001,0.00008,0
4,996165,G,A,0.1725,0.20557,0.2177
4,996555,G,C,0.0098,0.00329,0.015
4,996675,C,A,0,0.00083,0.0002
4,996690,G,A,0,0.34143,0.2187
4,997206,C,G,0,0,0
4,1803564,C,T,0,0,0
4,1803568,C,G,0,0.00001,0
4,1803571,C,G,0,0,0
4,1806099,A,G,0,0,0
4,1806119,G,A,0,0,0
4,1806131,T,C,0.0036,0.00307,0.0008
4,1806153,C,A,0,0,0
4,1807371,C,A,0,0,0
4,1808391,G,A,0.001,0.0003,0.0004
4,2833309,C,G,0,0,0
4,3475166,C,T,0.0053,0.00522,0.002
4,3487322,G,A,0.0222,0.00749,0.0266
4,3494495,G,A,0.0122,0.00341,0.01
4,3494600,A,G,0.1555,0.2685,0.2181
4,3494680,C,T,0.0078,0.00301,0.0092
4,3494956,C,T,0.0634,0.0589,0.0813
4,3495064,C,T,0.0146,0.00452,0.0166
4,3495095,G,A,0.1615,0.25196,0.1955
4,5624670,T,C,0.446,0.37059,0
4,5690902,T,C,0.2109,0.23666,0.2652
4,5721021,A,C,0.078,0.10788,0.1042
4,5731074,C,T,0.0631,0.02361,0.0635
4,5743512,T,C,0,0,0
4,5754579,C,T,0.0662,0.06745,0.0272
4,5755524,G,A,0.0768,0.02103,0.0729
4,5755542,C,A,0,0,0
4,5785442,G,A,0.308,0.34724,0.3015
4,5800494,G,A,0.0102,0.02661,0.0276
4,6293040,A,C,0.0022,0.00406,0.0022
4,6302519,G,A,0,0,0
4,6302889,G,A,0.0467,0.05697,0.0603
4,6303194,C,T,0.0004,0.00049,0
4,6303197,G,A,0.0045,0.00452,0.0012
4,6303248,G,A,0.0065,0.00894,0.0224
4,6303327,C,T,0.0315,0.00882,0.0304
5,1293767,G,A,0.0031,0.00634,0.0006
5,1294166,C,T,0.0212,0.03611,0.0096
5,1294397,C,T,0.0002,0.00035,0.0002
5,7878179,C,T,0.3282,0.31547,0.27
5,7878424,T,A,0.0217,0.04066,0.0391
5,7885959,A,G,0.2061,0.17107,0.2532
5,7889304,C,T,0.0277,0.0566,0.0679
5,7891506,C,G,0.0234,0.05502,0.0645
5,7897191,C,T,0.1731,0.1509,0.2195
5,10256172,A,T,0.0161,0.024,0.0174
5,13701536,T,C,0,0,0
5,13717471,T,C,0.0598,0.14063,0.159
5,13719089,G,A,0.4622,0.42898,0.4655
5,13737444,G,A,0.0943,0.10119,0.0657
5,13788830,G,C,0,0.00002,0
5,13788886,C,A,0.2461,0.25237,0.2087
5,13810275,C,G,0,0.00039,0
5,13811775,T,C,0.2037,0.21489,0.2622
5,13811889,C,T,0.0253,0.00752,0.0296
5,13864741,C,T,0,0.00007,0.0002
5,13882858,T,C,0.0141,0.0044,0.0184
5,13883171,T,C,0.0142,0.0044,0.0184
5,13894894,T,A,0,0,0.4878
5,13901555,G,T,0.0053,0.0015,0.0052
5,13901641,A,C,0.0326,0.00906,0.0369
5,13902220,T,C,0.332,0.41862,0.3884
5,13931340,C,T,0.3905,0.36914,0
5,13944512,A,C,0,0,0
5,16475209,G,C,0.0113,0.0033,0.0114
5,33951733,A,G,0.0002,0.00003,0
5,33963870,C,T,0.028,0.10698,0.1781
5,33989518,C,T,0,0,0
5,33989565,A,G,0.0126,0.00374,0.0098
5,33998768,C,A,0.12,0.12683,0.1144
5,33998773,G,A,0.027,0.00788,0.0256
5,33998883,A,G,0,0,0
5,34004707,C,T,0.3842,0.41077,0.2526
5,34005899,C,T,0.0335,0.00957,0.032
5,34008100,C,T,0.4176,0.4227,0.2869
5,36962301,G,A,0.0022,0.00372,0.001
5,36972056,T,G,0.0177,0.00459,0.0138
5,36976160,A,G,0,0.00013,0.0008
5,36985303,A,G,0.1138,0.1322,0.1252
5,37008725,G,T,0,0,0
5,37049342,G,A,0,0,0
5,37052573,G,A,0,0,0
5,37115116,C,T,0.0263,0.00805,0.0248
5,37158363,G,A,0.0263,0.00691,0.0244
5,37170178,T,C,0.0517,0.01449,0.0515
5,37173930,A,C,0.1758,0.13507,0.1727
6,99322317,C,G,0,0,0
6,99323549,G,A,0,0.00003,0
6,107780483,A,G,0.0022,0.01455,0.0242
6,110036336,T,C,0.0012,0.00099,0.0008
6,110064928,A,T,0.0309,0.07428,0.1
6,110107517,T,C,0.3268,0.27534,0.4479
6,116441646,C,G,0.1609,0.15174,0.2137
6,116442686,C,T,0.0026,0.00275,0.003
6,116446576,A,G,0.4973,0.38046,0.4455
6,116938232,C,G,0.0903,0.08143,0.0371
6,116950734,G,A,0.1698,0.21354,0.2049
6,116950833,T,C,0,0,0
6,116951678,A,C,0.1113,0.09006,0.1354
6,116953552,C,T,0.0324,0.00929,0.0292
6,118880109,C,T,0,0,0
6,121768219,C,A,0,0,0
6,121768751,C,T,0.0112,0.00784,0.003
6,121769078,G,A,0,0.00025,0.0002
6,123594486,T,C,0.0113,0.03435,0.0399
6,123658776,G,T,0.0792,0.05787,0.1136
6,123687288,A,C,0,0,0
6,123696766,G,T,0.1612,0.13741,0.1474
6,123699019,A,C,0.1587,0.20037,0.1691
6,123759243,C,T,0.0105,0.00519,0.0132
6,123833457,G,C,0,0,0
6,123869607,G,C,0,0.49256,0.393
6,129511462,G,A,0,0,0
6,129513850,T,A,0.0049,0.00278,0.0016
6,129571330,G,A,0.2697,0.18276,0.271
6,129573274,C,G,0.0102,0.00291,0.0106
6,129609038,T,C,0,0,0
6,129612765,G,T,0.0458,0.01431,0.0463
6,129635800,G,A,0.0911,0.06873,0.12
6,129636678,A,G,0.0138,0.00406,0.0162
6,129813053,A,G,0.0808,0.09254,0.1116
6,132172368,A,C,0.3502,0.20631,0.3423
6,132181644,C,A,0.0001,0.00001,0
6,132198164,G,A,0,0,0
6,132206079,C,T,0.0265,0.03319,0.0188
6,132206094,A,C,0,0.00258,0.0044
6,132211530,G,C,0.0045,0.004,0.003
6,133789728,G,A,0.383,0.34169,0.4095
6,135639665,G,A,0.0004,0.00063,0.0006
6,135639715,G,A,0.0065,0.00961,0.0016
6,135644371,T,C,0.0001,0.00384,0.0078
6,135715970,T,G,0.0206,0.00691,0.0176
6,135732649,T,C,0.0046,0.00396,0.0016
6,135751024,G,A,0.0201,0.03852,0.0114
6,135752437,G,A,0,0,0
6,135754263,C,T,0,0.00004,0
6,135754275,T,C,0,0,0
6,135768282,C,T,0.013,0.01054,0.0062
6,137191043,G,A,0.0001,0.00002,0
6,137519634,T,G,0.0056,0.00132,0.0042
6,144507910,G,A,0.0048,0.00757,0.02
6,144508593,A,G,0.0408,0.01113,0.0413
6,145956587,C,T,0.0001,0.00003,0
6,146056499,C,G,0,0.02076,0.0116
6,157099799,G,A,0,0.0042,0.001
6,161127501,A,G,0.0043,0.0033,0.0022
6,161159625,G,A,0,0.00133,0.0034
6,161781225,C,T,0.0321,0.0256,0.0134
6,161807855,C,G,0.1758,0.16456,0.1721
6,161969969,G,A,0,0.00276,0.0038
6,162206852,G,A,0.002,0.00206,0.0004
6,162394349,G,A,0.0002,0.00029,0.0002
6,162622197,C,T,0.0392,0.06759,0.1174
6,162683724,G,T,0.0018,0.00472,0.0012
7,803506,C,T,0.0042,0.00485,0.0026
7,810219,T,C,0.432,0.43043,0.3914
7,814788,G,A,0,0,0
7,5568127,C,T,0,0,0
7,6026775,T,C,0,0,0
7,6035238,G,T,0.0014,0.00039,0.0004
7,16348224,G,A,0,0,0
7,21582964,A,T,0.428,0,0.4119
7,21628197,A,G,0.1558,0.14897,0.145
7,21628242,C,G,0.1237,0.12512,0.0773
7,21640361,T,C,0.3519,0.35292,0.2205
7,21640405,A,G,0,0,0
7,21654825,A,G,0.0093,0.00342,0.0168
7,21678643,A,G,0.0532,0.04526,0.0453
7,21778429,T,C,0.0416,0.05768,0.0146
7,21779278,A,G,0,0,0.3728
7,21781653,A,G,0.0029,0.00204,0.004
7,21805095,G,A,0.014,0.01094,0.006
7,21856151,G,A,0.3477,0.42975,0.4842
7,21893993,G,T,0,0,0.4595
7,21901540,T,C,0.0853,0.04167,0.0845
7,21924014,A,G,0,0,0
7,21932044,C,T,0.3679,0.39788,0.3684
7,24756951,C,T,0.0783,0.09426,0.0899
7,24758818,G,T,0.1657,0.20613,0.2592
7,30634661,C,G,0,0,0
7,30649268,C,T,0.0048,0.00317,0.0012
7,30655643,G,A,0.007,0.00258,0.0098
7,31008686,G,A,0.1305,0.11477,0.1274
7,31009576,G,T,0.0835,0.04728,0.0641
7,33134883,T,C,0.1679,0.20785,0.1755
7,33185898,A,G,0.0137,0.00413,0.0202
7,33388713,G,A,0.1755,0.20415,0.1713
7,33397476,G,A,0.0117,0.00291,0.0086
7,33397560,C,T,0.0102,0.00296,0.0104
7,33427634,C,T,0.0032,0.00109,0.0048
7,33573603,T,A,0.0022,0.00066,0.0022
7,37890267,G,A,0.2856,0.23011,0.2452
7,37907304,T,C,0,0,0
7,37934146,T,C,0.0063,0.26882,0.1578
7,42004062,G,A,0.0402,0.03667,0.0192
7,42004664,C,T,0.0395,0.03473,0.0152
7,42005678,G,A,0.2564,0.4558,0.4215
7,42007201,T,C,0.0022,0.0018,0.0006
7,42007446,C,T,0.0055,0.00571,0.0026
7,42007506,G,A,0.0002,0.0002,0
7,42088222,T,C,0,0,0
7,44104839,C,T,0,0.00145,0.0026
7,44104861,G,A,0,0.00003,0.0002
7,44187331,C,T,0,0.00001,0
7,44187346,C,T,0,0.00001,0
7,44187429,G,A,0,0.00001,0
7,44189362,C,T,0,0.00001,0
7,44189603,C,T,0,0,0
7,44190589,A,G,0,0,0
7,44228522,C,T,0.0077,0.00209,0.0084
7,45077978,G,A,0.0651,0.06287,0.033
7,45104131,G,A,0.1352,0.14607,0.108
7,50595920,G,A,0.0142,0.0039,0.0128
7,55229255,G,A,0.2027,0.28696,0.2921
7,55259514,C,A,0,0,0
7,65425894,A,G,0.4909,0,0
7,65444769,G,A,0.0003,0.00004,0
7,65551738,G,A,0.0005,0.00051,0.0002
7,65554101,A,G,0,0.00008,0
7,65557065,C,T,0.0001,0.00003,0
7,65557553,C,T,0,0.00007,0
7,66103899,C,T,0,0.00002,0
7,66453476,A,G,0.0279,0.02477,0.017
7,75933133,C,T,0,0,0
7,81359051,C,T,0.0503,0.04475,0.0198
7,87035609,G,A,0,0.00003,0
7,87041333,C,T,0.0042,0.00132,0.0046
7,87049345,C,T,0.0257,0.00752,0.0256
7,87056176,T,C,0.1685,0.10565,0.1703
7,87060844,C,T,0.0078,0.00418,0.0044
7,87069130,C,G,0.0106,0.00264,0.0066
7,87069546,T,C,0.0001,0.00018,0.0002
7,87076396,G,A,0.0001,0.00012,0
7,87082273,T,C,0.0085,0.01062,0.0064
7,87092220,C,T,0.0001,0.00008,0
7,87179809,C,T,0.0282,0.02902,0.0126
7,92077203,G,A,0,0.26543,0.0817
7,92085763,C,T,0.0108,0.01115,0.007
7,92130876,C,T,0.0006,0.00026,0
7,92132493,T,C,0.0294,0.02698,0.0176
7,94038649,G,A,0.0023,0.00126,0.0004
7,94043239,C,G,0,0,0
7,94049588,G,A,0.0008,0.00069,0
7,100218631,C,T,0.0201,0.03068,0.0082
7,100230864,G,C,0.0426,0.02052,0.0565
7,100771717,G,A,0.0853,0.09639,0.0715
7,103205827,G,C,0.0037,0.00331,0.0014
8,55372085,T,A,0,0.00787,0.0028
8,55534041,T,G,0,0.00014,0
8,55537560,C,T,0.0117,0.01273,0.0102
8,55539057,G,A,0.2366,0.27129,0.2722
8,55539395,A,T,0.3482,0.34751,0.25
8,55541450,G,A,0.2055,0.25318,0.2482
8,55541513,T,C,0.2479,0.27247,0.279
8,55542540,G,A,0.3148,0.33812,0.2157
8,61654298,T,A,0.0129,0.01163,0.0052
8,61654703,G,A,0.0013,0.00039,0.0008
8,61654847,A,G,0.0025,0.00084,0.0034
8,61655009,A,G,0.0056,0.00419,0.0022
8,61655388,C,T,0.001,0.00118,0.0004
8,61655556,G,T,0,0.00232,0.0062
8,61707678,G,A,0.0038,0.00128,0.0052
8,61714146,A,T,0.0009,0.0005,0.001
8,61732632,A,G,0.0001,0.00494,0.0084
8,61734482,G,A,0.0002,0.00075,0.0008
8,61735186,A,G,0,0,0
8,61742981,T,A,0,0,0
8,61765468,C,T,0,0,0
8,61765571,A,G,0,0,0
8,61765762,G,A,0.0039,0.00128,0.0044
8,61769418,A,C,0.0038,0.0021,0.0004
8,61775182,C,T,0,0.00117,0.0004
8,61777914,C,G,0.0013,0.00124,0.0014
8,61778448,C,T,0.0036,0.00639,0.0004
8,65509264,G,A,0.0009,0.0007,0.0006
8,65509470,C,T,0.0001,0.00004,0
8,65527669,C,T,0.0295,0.03345,0.0178
8,65527751,T,C,0,0.00003,0
8,65711089,A,G,0.0123,0.00438,0.0409
8,68396032,G,A,0.0032,0.00087,0.0036
8,68396042,C,T,0.0032,0.00211,0.0014
8,68396915,T,C,0.1241,0.11235,0.0791
8,68421768,G,C,0.0597,0.09439,0.0891
8,68536470,A,G,0.264,0.23596,0.2322
8,72129011,C,T,0,0.00014,0
8,72267083,G,C,0.0619,0.01726,0.0611
8,74888616,G,C,0.1727,0.17695,0.1761
8,143957207,C,T,0.0007,0.00027,0.0002
8,143958154,G,A,0,0.001,0
8,143994041,C,T,0.0224,0.08714,0.1625
8,145584068,G,A,0,0.00003,0
8,145584087,T,C,0,0.00003,0
8,145584264,T,C,0.0002,0.00007,0
8,145700346,T,A,0.0254,0.00807,0.0266
8,145700381,C,G,0.0046,0.0056,0.0012
9,286593,C,A,0.4643,0,0
9,312134,G,A,0.0245,0.02879,0.0176
9,334337,A,G,0.282,0.24879,0.1997
9,396836,C,T,0.0041,0.00125,0.0038
9,2635545,G,A,0.0594,0.0273,0.0795
9,2648223,G,A,0.0002,0.00016,0.0004
9,2729686,C,G,0.1579,0.09918,0.1426
9,4118111,G,T,0,0,0
9,4118208,A,G,0,0,0
9,6589230,C,G,0,0,0
9,14737506,T,G,0,0,0
9,14775917,T,A,0.0023,0.00706,0.0052
9,14816829,G,C,0.128,0.20369,0.1334
9,14819370,G,T,0.2054,0.23026,0.1641
9,14842559,C,T,0.0007,0.00026,0.0006
9,14846036,C,G,0,0,0
9,21970916,C,T,0.0225,0.02278,0.007
9,21970928,G,A,0.0022,0.00064,0.0028
9,21970979,C,A,0.0055,0.00157,0.0074
9,21970981,A,T,0,0,0
9,21970988,G,A,0,0.00014,0.0008
9,21970989,A,T,0.0012,0.00033,0.0022
9,21971038,C,T,0.0001,0.00001,0
9,21971057,C,A,0,0,0
9,21971092,C,T,0,0,0
9,21971098,C,G,0,0,0
9,21971105,C,T,0,0,0
9,21971108,C,T,0,0,0
9,21971152,T,C,0.0001,0.00001,0
9,21971159,C,G,0,0,0
9,21971182,A,C,0,0.00001,0
9,21971188,G,A,0.0001,0.00012,0
9,21971191,C,A,0,0,0
9,21971199,C,G,0,0.00002,0
9,21974678,T,C,0,0,0
9,21974681,A,G,0,0.00044,0.0002
9,21974723,C,T,0,0,0
9,21974732,A,G,0,0,0
9,21974756,C,G,0,0.00003,0
9,27168571,T,C,0.0065,0.01716,0.0351
9,27190655,G,A,0.075,0.05735,0.0787
9,32542278,T,C,0.0146,0.01661,0.0076
9,34459025,G,T,0.0478,0.05404,0.0296
9,34485237,C,T,0.0275,0.0076,0.0248
9,34500796,A,C,0.0116,0.00305,0.0102
9,34500821,G,A,0.2098,0.15637,0.1765
9,34512393,T,G,0.0216,0.03286,0.0555
9,34647137,C,T,0,0,0
9,34647202,C,T,0,0,0
9,34647244,G,A,0,0,0
9,34647830,A,G,0,0,0
9,34647840,G,A,0,0,0
9,34647855,C,T,0.0009,0.00035,0.0012
9,34647876,T,A,0,0.00004,0
9,34647893,C,T,0,0.00003,0
9,34647894,G,A,0,0.00001,0
9,34648116,T,C,0,0.00001,0
9,34648128,G,A,0,0,0
9,34648167,A,G,0.0021,0.00132,0.0006
9,34648350,T,C,0,0.00008,0
9,34648367,C,T,0,0,0.0002
9,34648392,A,G,0,0.00002,0
9,34648762,C,T,0,0,0
9,34648823,A,C,0,0.00001,0
9,34648843,C,T,0.0001,0.00005,0
9,34648846,C,T,0,0,0
9,34648847,G,A,0,0,0
9,34648864,C,G,0,0.00001,0
9,34649029,G,T,0.0004,0.00013,0.0002
9,34649442,A,G,0.0715,0.09201,0.0729
9,34649460,G,A,0,0.00001,0
9,34649499,C,T,0.0001,0.00004,0
9,34649532,C,A,0.0001,0,0
9,35065252,C,T,0,0,0
9,35065348,C,T,0,0,0
9,35065360,C,T,0,0,0
9,35065361,G,A,0,0,0
9,35075022,C,T,0.0072,0.00876,0.003
9,35075969,G,A,0.0343,0.00966,0.0359
9,35076755,G,A,0.0288,0.01771,0.0495
9,35076764,C,T,0,0.00014,0
9,35685669,C,T,0,0,0
9,36217445,C,T,0,0.00194,0.0038
9,36219891,A,G,0,0.00001,0
9,36219937,C,G,0,0.00003,0.0002
9,36246117,T,A,0,0.00004,0.0004
9,37780831,A,G,0.072,0.06685,0.0357
9,37783990,T,G,0.0009,0.00032,0
9,37784950,C,G,0,0.00001,0
9,71843023,C,A,0,0,0
9,71851877,G,A,0.0498,0.05521,0.0379
9,71852004,T,C,0.0291,0.00741,0.0264
10,26446312,G,A,0,0,0.4553
10,26455090,G,A,0.0062,0.00851,0.0036
10,26462777,T,C,0,0.00077,0.0046
10,26463043,A,T,0.3955,0.41452,0.3806
10,26463130,C,A,0,0,0
10,26482157,A,G,0.0002,0.00382,0.0092
10,27458898,C,A,0.0015,0.01175,0.0262
10,27459746,C,G,0.0623,0.08425,0.1104
10,27826951,G,A,0.0328,0.00906,0.0302
10,30629226,G,A,0.2623,0.24999,0.2185
10,43596033,G,A,0,0.00103,0.0056
10,43597793,G,A,0,0.00088,0.0014
10,43600607,C,A,0,0.0021,0.004
10,43601830,G,A,0,0.00056,0.0038
10,43606815,G,A,0.0001,0.00002,0
10,43606829,G,A,0,0.00031,0.0008
10,43606856,G,A,0.0002,0.00207,0.0038
10,43609043,G,A,0,0.00003,0
10,43609070,G,A,0,0,0
10,43609076,G,A,0,0,0
10,43609096,T,A,0,0,0
10,43609096,T,C,0,0.00001,0
10,43609096,T,G,0,0,0
10,43609097,G,A,0,0,0
10,43609097,G,C,0,0,0
10,43609097,G,T,0,0,0
10,43609102,T,C,0,0,0
10,43609102,T,G,0,0,0
10,43609103,G,T,0,0,0
10,43609948,T,C,0,0.00001,0
10,43609948,T,G,0,0,0
10,43609949,G,A,0,0,0
10,43609950,C,G,0,0,0
10,43610119,G,A,0.157,0.20332,0.1691
10,43610129,G,A,0.0002,0.00018,0
10,43612141,G,C,0,0.00007,0.0002
10,43613868,G,A,0,0.00003,0
10,43613906,G,T,0,0.00002,0.0002
10,43613908,A,T,0.0012,0.0018,0.0002
10,43614996,G,A,0.0001,0.0002,0
10,43614996,G,T,0,0,0
10,43615063,A,C,0,0.00007,0
10,43615117,G,T,0,0,0
10,43615592,T,G,0,0,0
10,43617416,T,C,0,0,0
10,43620335,C,T,0.0162,0.01924,0.022
10,43622099,C,T,0.0001,0.00002,0.0002
10,43622165,T,C,0,0.00001,0.0002
10,43622168,A,G,0,0.00001,0
10,43623563,T,C,0.0001,0.00003,0.0002
10,48388710,G,A,0.0019,0.0016,0.0004
10,48389247,C,T,0.0033,0.00254,0.0006
10,50667105,T,C,0.1891,0.21784,0.1789
10,50667278,A,C,0.0022,0.0007,0.0026
10,50669459,C,G,0.009,0.00223,0.0072
10,50678317,C,G,0.0707,0.07314,0.0475
11,534288,C,A,0,0,0
11,534288,C,G,0,0,0
11,534288,C,T,0,0,0
11,534289,C,A,0,0,0
11,686986,G,A,0,0.00001,0
11,823586,C,G,0.0079,0.01201,0.0044
11,824789,T,C,0,0,0
11,1775352,C,T,0.0045,0.01012,0.0062
11,1782594,G,A,0.0644,0.07041,0.0553
11,1862753,G,A,0,0,0
11,2189135,C,T,0.0001,0.00012,0
11,2190951,C,T,0.288,0.4249,0.4305
11,2466347,C,T,0,0,0
11,2466464,G,A,0,0,0
11,2466545,C,A,0,0.0004,0
11,2549201,A,G,0,0,0
11,2549229,C,T,0.0005,0.00018,0.0004
11,2591864,G,A,0,0.00002,0
11,2591882,G,A,0,0,0
11,2591900,C,T,0,0.00001,0
11,2591912,G,A,0.0001,0.00002,0
11,2591915,G,A,0.0001,0,0
11,2591949,G,A,0,0,0
11,2591960,G,C,0,0,0
11,2591963,C,T,0.0001,0.00002,0
11,2593250,C,T,0,0,0
11,2593251,G,A,0,0,0
11,2593283,G,A,0,0.00001,0
11,2593286,C,T,0,0.00001,0
11,2593319,G,A,0,0,0
11,2593334,C,T,0,0,0
11,2593335,G,A,0,0.00001,0
11,2594092,T,C,0,0,0
11,2594098,T,G,0,0,0
11,2594100,G,A,0,0.00001,0.0002
11,2594101,G,A,0,0,0
11,2594110,G,A,0,0.00001,0
11,2594115,A,G,0.0001,0.00026,0
11,2594125,C,G,0,0,0
11,2594125,C,T,0,0,0
11,2594170,G,A,0,0.00002,0
11,2594193,G,A,0,0.00003,0
11,2604692,G,A,0,0,0
11,2604701,C,T,0,0,0
11,2604708,C,T,0,0,0
11,2604716,G,A,0,0,0
11,2604765,C,A,0,0,0
11,2604765,C,T,0,0,0
11,2606494,A,G,0,0.00002,0
11,2606505,C,T,0,0,0
11,2606530,T,A,0,0,0
11,2608849,A,T,0,0,0
11,2608850,G,T,0.0007,0.0011,0.0006
11,2608860,C,T,0.0004,0.00017,0.0002
11,2610034,C,G,0.0001,0.00761,0.0226
11,2610034,C,T,0,0,0
11,2610045,C,T,0.0002,0.00009,0.0004
11,2790118,T,G,0,0,0
11,2790130,T,G,0,0,0
11,2797196,C,T,0,0,0
11,2797215,G,A,0,0,0
11,2797220,G,A,0,0.00004,0
11,2797236,C,T,0,0,0
11,2797262,C,T,0,0.00004,0
11,2797263,G,A,0,0,0
11,2797268,A,G,0,0,0
11,2798227,C,A,0,0,0
11,2798227,C,T,0,0,0
11,2798230,T,C,0,0,0
11,2798232,G,A,0,0,0
11,2799221,G,A,0,0.00002,0
11,2799233,C,T,0,0,0
11,2799241,G,A,0,0,0
11,2799254,G,A,0,0.00003,0
11,2799254,G,C,0,0,0
11,2869001,C,T,0.0005,0.00034,0.0002
11,2869033,G,A,0.0003,0.00023,0.0002
11,2869105,G,A,0,0.00007,0
11,2869129,G,A,0.0069,0.01667,0.0166
11,4112582,C,T,0.0229,0.00565,0.0176
11,5246862,C,T,0,0,0
11,5246908,C,G,0.0002,0.0007,0.0006
11,5246908,C,T,0,0,0
11,5246919,T,C,0,0,0
11,5247807,C,G,0,0.00003,0
11,5247914,C,T,0.0008,0.00084,0
11,5248173,C,T,0,0.00029,0.0028
11,5248184,T,G,0,0.00002,0
11,5248185,C,G,0,0.00006,0
11,5248193,T,C,0,0,0
11,5248202,C,T,0,0.00002,0
11,5248208,A,C,0,0,0
11,5248232,T,A,0.0138,0.00438,0.0274
11,5248233,C,T,0.0055,0,0.0034
11,6636673,C,G,0.0001,0.00001,0
11,6637287,C,T,0.0001,0.00002,0
11,6637927,C,A,0,0,0
11,6637945,T,C,0,0,0
11,6637981,C,T,0,0.00001,0
11,6638340,G,A,0.0039,0.00114,0.0058
11,6638938,T,C,0.0092,0.00278,0.0084
11,6640051,G,A,0.0065,0.00172,0.0064
11,9853777,G,C,0.0823,0.09873,0.0823
11,9879838,C,T,0.0785,0.07512,0.0328
11,17414570,C,T,0.0554,0.05621,0.0312
11,17414656,A,G,0,0.00002,0
11,17418477,C,A,0,0,0
11,17424218,G,A,0.0002,0.00007,0
11,17426071,C,T,0,0,0
11,17452500,C,T,0,0.00078,0.0022
11,17482222,C,T,0,0.00024,0.0008
11,17485001,T,C,0,0,0
11,17485004,A,T,0,0.00021,0
11,17491729,C,T,0,0.00002,0
11,17519742,C,G,0,0.48747,0.4209
11,18303533,G,A,0.0273,0.02362,0.0104
11,18319180,G,T,0.1295,0.13493,0.1528
11,19209833,A,G,0,0,0
11,19213986,A,G,0.0037,0.00237,0.0018
11,20622937,C,A,0.0235,0.02765,0.012
11,22239825,C,T,0.0001,0.00009,0.0002
11,22257752,G,T,0.0009,0.00105,0.0004
11,22271870,A,T,0.4486,0.48345,0
11,22281195,C,T,0,0,0
11,22296151,C,T,0,0.00045,0.0004
11,22301215,C,G,0.0131,0.00316,0.0088
11,22646398,G,A,0.0132,0.01264,0.005
11,27679916,C,T,0.1403,0.19375,0.2013
11,34938269,C,T,0.2057,0.13841,0.1925
11,36595760,C,A,0.0258,0.00743,0.023
11,36596200,G,A,0.0102,0.01044,0.0032
11,36597313,A,G,0.1119,0.1866,0.258
11,36597492,G,A,0.0159,0.00446,0.0158
11,36597513,G,A,0.0012,0.00352,0.0014
11,36614841,T,C,0.0349,0.01009,0.0336
11,44129386,A,G,0.0166,0.00423,0.013
11,45832509,A,G,0.1434,0.09415,0.1028
11,45935689,C,G,0.0187,0.03006,0.0086
11,46745003,C,T,0.096,0.19762,0.2193
11,46898771,T,C,0,0,0.4459
11,46917868,A,G,0.0594,0.01701,0.0611
11,47353674,C,T,0,0.00008,0
11,47353695,C,T,0.0003,0.00003,0
11,47354442,C,T,0,0.0013,0.0004
11,47354463,A,G,0.0006,0.00106,0
11,47355161,G,A,0.0001,0.00006,0.0004
11,47355293,C,T,0,0.00005,0
11,47355294,G,A,0.0016,0.00067,0.003
11,47355475,G,C,0,0.00524,0.0062
11,47356625,G,A,0.0002,0.00007,0
11,47356628,G,C,0.0009,0.00109,0.0004
11,47357479,C,T,0.0038,0.01275,0.0016
11,47357547,G,A,0,0,0.0002
11,47357547,G,T,0.0001,0.0002,0
11,47359046,G,A,0.0077,0.00222,0.0102
11,47359047,C,T,0.0012,0.00168,0
11,47359085,C,T,0,0.00002,0
11,47359115,C,T,0.0001,0.00003,0
12,40677813,G,T,0.0005,0.00085,0.0002
12,40702420,A,G,0.0006,0.00104,0.0012
12,40702911,G,A,0.0929,0.08412,0.1004
12,40707778,G,A,0.0052,0.00379,0.0016
12,40707861,C,T,0.0234,0.03011,0.0132
12,40713845,G,C,0.0009,0.00175,0.0064
12,40713899,T,C,0.0113,0.00916,0.0048
12,40713901,T,A,0.2577,0.29827,0.2859
12,40734202,G,A,0.0004,0.00039,0.0002
12,40740686,A,G,0.0135,0.01764,0.0098
12,40757328,G,A,0.0001,0.00158,0.0048
12,42853871,G,A,0.0016,0.01014,0.0202
12,42853891,G,A,0.0012,0.00091,0.0004
12,42859012,G,A,0,0.00008,0.0002
12,42862585,C,T,0,0.00002,0
12,42863266,C,T,0.0017,0.01351,0.0274
12,44180295,G,A,0.1575,0.1155,0.1705
12,48258889,C,T,0,0.00001,0
12,48367976,C,T,0.0698,0.14997,0.1709
12,48368041,G,A,0.0002,0.00022,0
12,48368541,C,T,0.0538,0.0549,0.0256
12,48369754,C,T,0,0,0
12,48371397,C,T,0.0026,0.00064,0.0016
12,48373317,G,A,0,0,0
12,48377898,G,A,0.0001,0.00257,0.0054
12,48391657,T,A,0.0378,0.03807,0.018
12,48398080,T,A,0,0,0
12,48526712,G,A,0.1719,0.17778,0.1478
12,48538908,G,A,0.0122,0.0097,0.0038
12,49416084,G,A,0,0,0
12,49420078,C,T,0,0.00105,0.002
12,49420606,C,T,0,0,0
13,101020758,G,T,0,0.00308,0.0052
13,103513944,A,G,0.0268,0.02937,0.0188
13,103515085,G,C,0.0432,0.04414,0.0423
13,103520549,G,A,0.0001,0.00003,0
13,103528002,G,C,0.3058,0.27768,0.3614
13,108861048,C,T,0.0343,0.00958,0.0353
13,108863591,G,A,0.137,0.17304,0.1458
13,108863609,G,A,0.0377,0.05863,0.0541
13,111121570,A,G,0.0007,0.02888,0.0194
13,111143601,A,G,0.0098,0.0173,0.0058
13,113773159,G,A,0.11,0.13415,0.1384
14,20940606,G,A,0.2003,0.19196,0.2047
14,21161845,A,T,0.002,0.00142,0.0004
14,21161931,A,G,0.0005,0.00061,0.0002
14,21161973,A,G,0.0039,0.00157,0.0066
14,21769193,C,A,0.0436,0.06253,0.0583
14,21770730,A,G,0.4825,0,0.4772
14,21790040,G,T,0.2326,0.21049,0.1673
14,21792807,G,A,0.0148,0.00422,0.0146
14,21796784,G,C,0.2638,0.33731,0.2953
14,21811196,A,G,0.0264,0.00914,0.0282
14,21816432,G,A,0.0217,0.01339,0.0256
14,23282133,G,A,0.0002,0.00011,0
14,23855705,T,A,0.0215,0.0147,0.0491
14,23856987,C,T,0.0002,0.00018,0
14,23858697,C,G,0.003,0.00325,0.0042
14,23859610,C,T,0,0.10033,0.0729
14,23861811,A,G,0.4556,0.3461,0.3748
14,23862177,C,G,0,0.00023,0
14,23862646,C,A,0.0009,0.00098,0.0006
14,23872631,A,T,0.0002,0.00017,0
14,23876267,C,T,0.0802,0.0698,0.0567
14,23882972,G,A,0,0.00003,0
14,23883224,C,T,0,0,0
14,23883310,G,A,0.0001,0.00003,0
14,23884305,G,A,0.0002,0.00003,0
14,23884861,G,A,0,0,0
14,23885266,G,A,0,0.00007,0
14,23885449,C,T,0,0.00008,0
14,23886458,G,A,0.0001,0.00008,0
14,23887453,C,T,0,0,0
14,23887513,G,A,0,0.00001,0
14,23893250,C,T,0,0,0
14,23893256,C,T,0,0,0
14,23893259,C,T,0,0,0
14,23893268,C,T,0,0,0
14,23893277,C,T,0,0,0
14,23894051,C,T,0,0.00003,0.0002
14,23894085,G,A,0,0,0
14,23894102,A,G,0,0,0
14,23894121,C,G,0,0,0
14,23894525,C,T,0.0001,0.00003,0
14,23894555,G,A,0.0001,0.00006,0
14,23894569,C,T,0,0,0
14,23894580,G,C,0,0,0
14,23894581,T,C,0,0,0
14,23894612,C,T,0,0,0
14,23894969,C,T,0,0,0
14,23895007,G,A,0.0002,0.00015,0.0002
14,23895242,A,G,0,0,0
14,23895248,T,C,0,0,0
14,23895254,C,T,0,0,0
14,23895255,G,A,0,0.00002,0
14,23896019,G,A,0,0,0
14,23896043,G,A,0,0,0
14,23896866,C,T,0,0,0
14,23896932,C,T,0,0,0
14,23896955,T,C,0,0.00001,0
14,23897755,A,G,0,0,0
14,23897796,C,A,0,0,0
14,23897851,T,C,0,0,0
14,23898249,G,A,0,0.00013,0
14,23898298,C,T,0,0,0
14,23898475,C,A,0,0,0
14,23899059,C,T,0,0,0
14,23899071,T,C,0,0,0
14,23899076,A,G,0,0,0
14,23899810,C,T,0.0002,0.00001,0
14,23900634,T,C,0,0,0
14,23900656,C,T,0,0,0
14,23900677,C,T,0,0,0
14,23900798,C,T,0,0.00001,0
14,23900977,G,A,0,0.00003,0
14,23900990,T,G,0,0,0
14,23900998,C,T,0,0,0
14,23901007,A,G,0,0,0
14,23901912,C,A,0,0,0
14,23901923,G,A,0,0.00005,0
14,23902827,C,T,0.0001,0.00006,0
14,24709976,C,T,0.0368,0.01039,0.0383
14,24724663,C,T,0.0118,0.0104,0.0036
14,24731434,G,T,0.0038,0.00402,0.0022
14,29236811,C,T,0,0,0
14,31354707,G,A,0.0023,0.00051,0.002
14,31355096,C,G,0,0,0.4113
14,31355245,A,G,0.0022,0.00053,0.0026
14,31358897,A,G,0.0063,0.00196,0.0084
14,37135753,G,C,0.3167,0.43249,0.3317
14,45606287,C,T,0.1704,0.1093,0.2059
14,45606387,A,G,0.0114,0.01068,0.0054
14,45644589,G,T,0.1913,0.15683,0.2322
14,45665468,C,G,0.0779,0.11577,0.1062
14,50092471,T,C,0.4207,0.451,0.3087
14,50101682,C,G,0,0,0.4932
14,51054710,G,C,0.0001,0.00009,0
14,51080061,C,T,0,0,0
14,51081124,G,A,0,0,0
14,51094872,C,T,0,0.00001,0
14,51095112,C,T,0,0,0
14,51372120,T,C,0.0172,0.00489,0.0224
14,51372238,T,A,0.0124,0.01377,0.0102
14,51387782,C,T,0.105,0.07602,0.0935
14,54417522,A,G,0.45,0.45702,0.3257
14,55310741,C,G,0,0,0
14,55310817,T,C,0.0002,0.00036,0.0004
14,55369314,G,A,0,0.00676,0.0016
14,60976537,C,A,0.4356,0,0.3415
14,64444625,C,A,0.0188,0.00571,0.0216
14,64447776,T,C,0.0814,0.09954,0.132
14,64469828,C,T,0.0528,0.05638,0.0256
14,64491695,T,C,0,0,0
14,64496749,C,T,0,0,0
14,64497894,C,A,0.0375,0.01441,0.0491
14,64497929,A,G,0.0377,0.01439,0.0491
14,64497930,G,A,0,0,0
14,64498037,G,A,0,0,0
14,64516420,T,G,0.0035,0.00097,0.0042
14,64518321,A,G,0.0228,0.0338,0.0292
14,64519035,A,G,0,0,0
14,64519455,A,G,0,0,0
14,64519709,A,T,0.0214,0.03286,0.029
14,64520020,A,G,0.0725,0.04197,0.0609
14,64522674,G,C,0,0,0
14,64522843,A,G,0,0,0
14,64537498,A,C,0.0265,0.0243,0.0393
14,64557734,A,C,0.0863,0.06594,0.0925
14,64564680,G,A,0.0188,0.01204,0.0106
14,64604592,C,G,0.0384,0.03298,0.0284
14,64604595,G,A,0.037,0.04083,0.0194
14,64608756,C,T,0.0059,0.00192,0.007
14,64612858,C,A,0,0,0
14,64633984,G,A,0.0112,0.01318,0.0068
14,64676751,C,T,0.0042,0.00509,0.0036
14,65249052,C,G,0.0619,0.06749,0.1016
14,65249066,C,T,0.0586,0.0641,0.0328
14,65249153,T,C,0.0359,0.03398,0.0302
14,65253232,T,C,0.4044,0.33811,0.4695
14,65260543,C,A,0.0003,0.00258,0.0064
14,65263300,C,T,0.4363,0.38036,0.4669
14,73673178,A,G,0.0138,0.0153,0.0056
14,74706563,C,A,0.0021,0.00241,0.0058
14,74759006,C,T,0.3072,0.32759,0.2704
14,74759477,C,T,0.3075,0.32852,0.2704
14,74953134,C,T,0.0019,0.00311,0.001
14,74961032,G,A,0,0,0
14,75022271,G,T,0.0897,0.06557,0.0877
14,75472570,G,T,0.0004,0.0002,0
14,75483796,C,T,0.0007,0.00074,0.0004
14,75513463,A,G,0.0116,0.01588,0.0112
14,75513534,G,A,0.0011,0.00994,0.0188
14,75513826,T,C,0.0153,0.01161,0.017
14,75513828,G,A,0.4426,0.41264,0.3638
14,75513883,T,C,0,0,0
14,75513910,T,C,0.0004,0.00044,0
14,75513969,C,T,0.0211,0.00609,0.0214
14,75514138,C,A,0.022,0.01452,0.026
14,75514192,C,T,0.0015,0.00048,0.0016
14,75514200,T,C,0.0324,0.0088,0.0268
14,75514489,C,G,0.009,0.00729,0.0042
14,75515101,C,T,0.0106,0.01157,0.0044
14,75515668,T,G,0.0141,0.01244,0.0044
15,90320000,G,A,0.0619,0.03252,0.0785
15,90320259,C,T,0.0225,0.01271,0.023
15,90631934,C,T,0,0.0001,0
15,91292908,A,G,0.0036,0.0013,0.0044
15,91295110,C,T,0.0006,0.00859,0.023
15,91306328,A,G,0,0.00002,0
15,91326099,C,T,0.068,0.05591,0.0513
15,91337505,C,A,0.0035,0.001,0.0022
15,91347451,G,A,0.0023,0.00065,0.0022
15,91347463,T,A,0.0003,0.00031,0
15,91347475,G,A,0,0,0
15,91354521,G,A,0.0754,0.06634,0.0671
15,91543761,C,T,0,0,0
15,93557954,G,C,0.0206,0.02248,0.0106
15,99451976,G,A,0.0036,0.00325,0.0006
16,227345,G,A,0,0.00004,0
16,774692,A,G,0,0,0
16,1252303,C,T,0.0004,0.0012,0.0004
16,1502857,C,T,0.1241,0.12109,0.0789
16,1552987,G,A,0,0,0
16,1556985,A,T,0,0,0
16,1621519,A,T,0.0017,0.00431,0.002
16,1638000,C,G,0.0319,0.04728,0.027
16,2107112,C,T,0.0001,0.0001,0
16,2108755,A,G,0.0005,0.00362,0.0062
16,2108756,T,C,0.0001,0.00003,0
16,2110795,G,A,0.015,0.01365,0.0088
16,2111885,C,T,0,0.00007,0
16,2112558,G,A,0.0012,0.00077,0.0004
16,2112998,A,G,0.0011,0.00034,0.0006
16,2114403,A,G,0.0002,0.00002,0.0002
16,2120487,G,A,0.0027,0.00165,0.0008
16,2120559,G,A,0.0006,0.00065,0.0002
16,2120571,C,T,0,0,0
16,2120572,G,A,0,0,0